<?xml version="1.0" encoding="UTF-8"?>
<project-private xmlns="http://www.netbeans.org/ns/project-private/1">
    <editor-bookmarks xmlns="http://www.netbeans.org/ns/editor-bookmarks/2" lastBookmarkId="0"/>
    <open-files xmlns="http://www.netbeans.org/ns/projectui-open-files/2">
        <group>
            <file>file:/E:/animal-health-tracker/AnimalHealthTracker/src/animalhealthtracker/AnimalHealthTracker.java</file>
            <file>file:/E:/animal-health-tracker/AnimalHealthTracker/src/animalhealthtracker/FXMLDocumentController.java</file>
            <file>file:/E:/animal-health-tracker/AnimalHealthTracker/src/animalhealthtracker/Users.java</file>
            <file>file:/E:/animal-health-tracker/AnimalHealthTracker/src/animalhealthtracker/VetPageController.java</file>
            <file>file:/E:/animal-health-tracker/AnimalHealthTracker/src/animalhealthtracker/Database.java</file>
            <file>file:/E:/animal-health-tracker/AnimalHealthTracker/src/animalhealthtracker/AlertMessage.java</file>
        </group>
    </open-files>
</project-private>
